kim_id,reviewed,link,book_title_english,book_title_original,language,language2,manuscript_number,former_identifiers,role1,type1,name1,affiliationdepartment1,role2,type2,name2,affiliationdepartment2,role3,type3,name3,affiliationdepartment3,role4,type4,name4,affiliationdepartment4,role5,type5,name5,affiliationdepartment5,role6,type6,name6,affiliationdepartment6,abstract,genre,keydate1,keydate2,keydate3,date_captured,date_created1,date_created_qualifier1,date_created2,date_created_qualifier2,date_created3,date_created_qualifier3,temporal1,temporal2,temporal3,country_origininfo,place_origininfo,medium,decoration_description,notes,topic,geographic,continent,country,region,province,city,city_section,coordinates,holdingsdigital,holdingsprint,dimensions,physical_description_notes,binding,resource_type,access,bibliographic_information,capture_date
001kim,y,http://digitalscholarship.utsc.utoronto.ca/projects/gg/islandora/object/gundagunde%3A28105,Life of Abunä Käräzun; Life of Abunä Täklä Näbiyat,On the front cover: ገድለ  ኣቡነ  ከረዙን   ኣቡነ፡ ተክለ፡ ነቢያት፡ (Gädlä ᾽Abunä Käräzun  ᾽Abunä Täklä Näbiyat); f. IIv:  ዘአቡነ፡ ተክለ፡ ነብያት፡ / አቡነ፡ ከረዙን፡ (Zä-᾽Äbunä Täklä Näbəyat / ᾽Äbunä Käräzun); written with a pencil,gez,classical ethiopic,GG–001,"HMML_001; A45GE - on a small paper strip glued to the back side of the front cover; 43 - f. Ir, upper part; 268 - f. Ir, lower part, written in large numbers; C3–IV–137 (number provided by the Ethiopian Tourist Office) - on a small paper strip glued on f. 1ra, lower margin",researcher,personal,Michael Gervers,"University of Toronto Scarborough, Department of Historical and Cultural Studies, Canada",data contributor,personal,Witold Witakowski,"Uppsala University, Department of Linguistics and Philology, Sweden",,,,,,,,,,,,,,,,,"Text 1: ff. 1r-56va: Life of Abba Täklä Näbiyat, (f. 1vb, 1-2: … ገድሉ፡ ለዝንቱ፡ አቡነ፡ ተክለ፡ ነቢያት፡ መምህር፡ ዘደብረ፡ ገርዜን። …); Text 2: ff. 59r-135ra: Life of Abba Abäkäräzun, (f. 59ra15-rb1… ዜና፡ ገድሉ፡ ለብፁዕ፡ ወለቅዱስ፡ አቡነ፡ አበከረዙን፡)",,1700,,,2006-10-30,1700-1799,questionable,,,,,18th century,,,Ethiopia,Monastery of Gunda Gunde,Vellum (parchment),ff. IIIv and IVv: unfinished ornamental drawings,"ff. Iv-IIr, 57r-58v, 135v-IVv – empty",codex; Lives of monks,,Africa,Ethiopia,"wäräda (district) Irob, qäbäla ʽAraʽ",Tigray,,Monastery of Gunda Gunde,"14.1968735,38.5452165"," 1. University of Toronto Scarborough Library   2. Hill Museum and Monastic Library, Collegeville, Minnesota, USA","Monastery of Gunda Gunde, Ethiopia",16.2 x 13.9 x 6 cm,"Number of folios: 2 (I-II), 135, 2 (III-IV); (European pagination); Number of quires: 19; Number of columns of the text: 2; Number of lines in columns: Text 1: 14-15; Text 2: 19-20",Two leather covers,manuscript,,"Text 2: Vitae sanctorum indigenarum, ed. (& transl. into latin) Karolus Conti Rossini], (CSCO [56] (& [57]), Scriptores Aethiopici 2:24 [= 25 (& 265)], Textus), Romae & Parisiis: & Lipsiae, 1910",2006-10-30
002kim,y,http://digitalscholarship.utsc.utoronto.ca/projects/gg/islandora/object/gundagunde%3A3555,Life of Estifanos (the founder of the Stephanite monastuic “order”),"Front cover: ገድለ  እስጢፋኖስ፡ (Gädlä  ᾽Ǝsṭifanos); f. 2ra,1-10: በስመ፡ … ገድል፡ አስምዕ፡ ዘብፁዕ፡ ወቅዱስ፡ ዓምደ፡ ሄይማኖት፡ ማኅቶተ፡ ክርስቲያን፡ አብ፡ እስጢፍኖስ፡ … (In the name of…, Life and martyrdom of the blessed and holy, the pillar of the faith, the lamp of the Christians, Father ᾽Ǝsṭifanos …)",gez,classical ethiopic,GG–002,"HMML_002; 2 - f. Ir; 178 - f. 1r, written in large letters; C3–IV–149 (number provided by the Ethiopian Tourist Office) - on a small paper strip glued on f. 2rb, lower margin",researcher,personal,Michael Gervers,"University of Toronto Scarborough, Department of Historical and Cultural Studies, Canada",data contributor,personal,Witold Witakowski,"Uppsala University, Department of Linguistics and Philology, Sweden",,,,,,,,,,,,,,,,,Text 1: ff. 2ra-90r:  Life of Estifanos,,1500,,,2006-10-30,1500-1599,questionable,,,,,16th century,,,Ethiopia,Monastery of Gunda Gunde,Vellum (parchment),"Miniatures: 1. f. 1r: Mary with the Child flanked by archangels; 2. f. 1v: Abba ᾽Ǝsṭifanos; Heading decoration (haräg), f. 2r","ff. 18r-28v, 34r-44v, 88v-91r: text damaged; ff. 90v-91v: note (charter) of the gift of the area of  ʽAnza for (the Monastery of) Gundä Gunde for the commemoration of our Father ᾽Ǝsṭifanos",Illuminated manuscript,,Africa,Ethiopia,"wäräda (district) Irob, qäbäla ʽAraʽ",Tigray,,Monastery of Gunda Gunde,"14.1968735,38.5452166"," 1. University of Toronto Scarborough Library   2. Hill Museum and Monastic Library, Collegeville, Minnesota, USA","Monastery of Gunda Gunde, Ethiopia",15 x 11 x 5.5 cm,Number of folios: 3 (I-III) + 91 + 5 (IV-VIII); Number of quires: 16; Number of columns of the text: 2; Number of lines in columns: 14-19,Two wooden boards,manuscript,,"The Gəʽəz Acts of Abba Ǝsṭifanos of Gwəndagwənde, ed. & transl. Getatchew Haile, (CSCO vol. 619-620, Scriptores Aethiopici, tomus 110-111), Lovanii: Peeters, 2006",2006-10-30
003kim,y,http://digitalscholarship.utsc.utoronto.ca/projects/gg/islandora/object/gundagunde%3A10669,Life of Abuna Abib; Life of Abunä Pantaleon; Life of Abunä Täwäldä Mädhin,On the front cover (= fol. Ir): ገድለ  ኣቡነ  ኣቢብ   [Gädlä ᾽Abunä ᾽Abib]; ==   == ጰንጤልዮን [==   ==  Ṗänṭeləyon]; ==   == ዘመድህን  [==   ==  Zä-Mädhən]; f. IIIr: ገድ ለኣቢብ [sic!] ገጰንጠሌዎን [sic!] [Gäd lä-᾽Abib  Gä-Ṗänṭälewon]; ኣቡነ ተወልደ መድኅን  [᾽Abunä Täwäldä Mädḫən],gez,classical ethiopic,GG–003,"HMML_003; 178 - on the front cover and f. Ir; 36, also in Ethiopian numbers: ፴፮ - f. IIIr; A46GE - on a small paper strip glued on f. IIIr; C3–IV–164 (number provided by the Ethiopian Tourist Office) - on a small paper strip glued on f. 1ra, lower margin",researcher,personal,Michael Gervers,"University of Toronto Scarborough, Department of Historical and Cultural Studies, Canada",data contributor,personal,Witold Witakowski,"Uppsala University, Department of Linguistics and Philology, Sweden",author of text 3,personal,"Rətuʽä Haymanot, metropolitan of Aksum",,,,,,,,,,,,,,"Text 1: ff. 1ra-50ra; Life of Abba Täwäldä Mädḫən; Text 2: ff. 50rb,1-72vb: Life of Abba Bula, a.k.a. Abib; Text 3: ff. 75ra,1-92vb: Life of Pantalewon",,1700,,,2006-10-30,1700-1799,questionable,,,,,18th century,,,Ethiopia,Monastery of Gunda Gunde,Vellum (parchment),,"Text not complete; ff. 89r-92: text damaged, the last two ff. – seriously; ff. Ir-IIIv, 73r-74v: – empty; The last two quires damaged in inside section of the upper margin",,,Africa,Ethiopia,"wäräda (district) Irob, qäbäla ʽAraʽ",Tigray,,Monastery of Gunda Gunde,"14.1968735,38.5452167"," 1. University of Toronto Scarborough Library   2. Hill Museum and Monastic Library, Collegeville, Minnesota, USA","Monastery of Gunda Gunde, Ethiopia",18 x 16 x 4.5 cm,"Number of folios: 3 (I-III), 92; European pagination; Number of quires: 12 or 13; Number of columns of the text: 2; Number of lines in columns: 14-17",No covers,manuscript,,,2006-10-30
004kim,y,http://digitalscholarship.utsc.utoronto.ca/projects/gg/islandora/object/gundagunde%3A3307,Life of Yasay,"f. 1r, upper margin: ገድለ ያሳይ (Gädlä Yasay)",gez,classical ethiopic,GG–004,"HMML_004; 48 - f. 1r, lower right margin; 61, also in Ethiopian numbers: ፷፩ - on a small paper strip glued on inside back cover; C3–IV–163 (number provided by the Ethiopian Tourist Office) - on a small paper strip glued on f. 1rb, lower margin",researcher,personal,Michael Gervers,"University of Toronto Scarborough, Department of Historical and Cultural Studies, Canada",data contributor,personal,Witold Witakowski,"Uppsala University, Department of Linguistics and Philology, Sweden",,,,,,,,,,,,,,,,,"Text 1: ff. 1ra-1va; the last folio of the Life of Gäbrä Krəstos son of Tewodosyos, (f. 1va, 1- 4: ተፈጸመ፡ ገድሉ፡ ለቅዱስ፡ ገብረ፡ ክርስቶስ፡ ወልደ፡ ቴዎዶስዮስ።); Text 2: ff. 1vb,1-21rb; The Life of Abba Yasay, the Orthodox, king of Rome, (f. 1vb,2-5: ገድለ፡ ወስምዕ፡ ዘቅዱስ፡ አባ፡ ያሳይ፡ ርቱዐ፡ ሃይማኖት፡ ንጉሠ፡ ሮም፡)",,1700,,,2006-10-30,1700-1799,questionable,,,,,18th century,,,Ethiopia,Monastery of Gunda Gunde,Vellum (parchment),f. 1vb: heading decoration (haräg),"ff. 1v, 10r, 15r: text damaged; f. 21v: badly legible note: appeal for blessing for the copyist; ff. 22v and 23r: traces of writing exercises (repeated letters)",,,Africa,Ethiopia,"wäräda (district) Irob, qäbäla ʽAraʽ",Tigray,,Monastery of Gunda Gunde,"14.1968735,38.5452168"," 1. University of Toronto Scarborough Library   2. Hill Museum and Monastic Library, Collegeville, Minnesota, USA","Monastery of Gunda Gunde, Ethiopia",20 x 16 x 2.5 cm,Number of folios: 23; European pagination; Number of quires: 4; Number of columns of the text: 2; Number of lines in columns: 20,Only back cover preserved,manuscript,,,2006-10-30
005kim,y,http://digitalscholarship.utsc.utoronto.ca/projects/gg/islandora/object/gundagunde%3A28305,Life of Yəshaq (Isaac),"On front cover: ኣቡነ  ይስሃቅ  ዘከስዋ (᾽Abunä Yəshaq zä-Käswa); on f. 1r, lower margin, written with pencil: ይስሐቅ  ዘከስዋ  (Yəsḥäq zä-Käswa); Käswa or Kaswa is another name of Gundä Gunde",gez,classical ethiopic,GG–005,"HMML_005; 110 - f. 1r; C3–IV–145 (number provided by the Ethiopian Tourist Office) - on a small paper strip glued on f. 1ra, lower margin",researcher,personal,Michael Gervers,"University of Toronto Scarborough, Department of Historical and Cultural Studies, Canada",data contributor,personal,Witold Witakowski,"Uppsala University, Department of Linguistics and Philology, Sweden",,,,,,,,,,,,,,,,,Text 1: ff. 1ra-54rb; The Life of Abunä Yəsḥaq,Monastic biographies,1700,1800,,2006-10-30,1700-1799,questionable,1800-1899,questionable,,,18th century,19th century,,Ethiopia,Monastery of Gunda Gunde,Vellum (parchment),"f. 1r: traces of an initial heading decoration (haräg), subsequently erased","f. 9r: partly covered by the previous quire; ff. Ir-IIIr, 54v, IVr-Vv: empty; f. IIIv: a note: ይስሐቅ፡ ህዝበ፡ አጋሜ፡ ስመ፡ አቡሁ፡ ፍቂጦር፡ - Isaac (was from ) the people of Agame; the name of his father was Fəqiṭor",,,Africa,Ethiopia,"wäräda (district) Irob, qäbäla ʽAraʽ",Tigray,,Monastery of Gunda Gunde,"14.1968735,38.5452169"," 1. University of Toronto Scarborough Library   2. Hill Museum and Monastic Library, Collegeville, Minnesota, USA","Monastery of Gunda Gunde, Ethiopia",15.5 x 12.4 x 4.5 cm,"Number of folios: 3 (I-III), 54, 2 (IV-V); European foliation; Number of quires: 9; Number of columns of the text: 2; Number of lines in columns: 18-19 (up to 22)",Wooden covers,manuscript,,,2006-10-30
006kim,y,http://digitalscholarship.utsc.utoronto.ca/projects/gg/islandora/object/gundagunde%3A11714,Life of the Brothers; Life of Bartolomewos,"On the front cover: ገድለ  ኣሃው >> በርቶሎሜዎስ፡ (Gädlä ᾽Ahaw >> Bärtolomewos); f. IIIv: ገድለአቡነ፡ በርቶሎሜስ፡ [sic] ኣለባት።  (Gädlä Abunä Bärtolome[wo]s ᾽Aläbat), written with a pencil",gez,classical ethiopic,GG–006,"HMML_006; 812 (on the back side of the front cover) 300 (fol 1(added)r)  C3–IV–156 (e.g. fol 1ra, lower marg.)",researcher,personal,Michael Gervers,"University of Toronto Scarborough, Department of Historical and Cultural Studies, Canada",data contributor,personal,Witold Witakowski,"Uppsala University, Department of Linguistics and Philology, Sweden",,,,,,,,,,,,,,,,,"Text 1: ff. 1ra-51va: Lives of our fathers and brothers  (Inc.: f. 1ra,4-10: ዝንቱ፡ ክፍል፡ ራብዕ፡ እመጽሐፈ፡ ገድሎሙ፡ ወስምዖሙ፡ ለአበዊነ፡ ወአኃዊነ፡ ቅዱሳን፡ ለበስያነ፡ መስቀል፡ ዘይትነበብ፡ በወርኀ፡ ሳኔ፡; - “This is the fourth chapter from the Book of the Lives of our holy fathers and brothers who weared the cross, that is read in the month of Sane”); Text 2: ff. 52ra-67vb: Life of Bärtälomewos: f. 52rb2-6: ዜና፡ ገድሉ፡ ወስነ፡ ኂሩቱ፡ ለአብ፡ ብፁዕ፡ አቡነ፡ በርተሎሜዎስ፡ መምህረ፡ ንጽሕ።  … - “The Story of the combat and beauty of the virtue of our blessed father Bärtälomewos, the teacher of purity”; Text 3: ff. 68ra-104va: f. 68ra7-11: ገድለ፡ ቅዱሳት፡ አንስት። ወምእምናት፡ እለ፡ ወፅአ፡ እምብሔረ፡ ትግራይ።  - ”Life of the holy and believing women, who came from the land of Təgray”; Text 4: ff. 105ra-138vb; f. 105ra4-10: ክፍል፡ ቀዳሚ፡ … ዘእምገድለ፡ አበዊነ፡ ቅዱሳን፡ ገርዜናውያን፡  - “Chapter 1 … of the Lives of our holy Fathers of Garzen (= Gundä Gunde)”",LIves of monks & nuns,1600,1700,,2006-10-30,1600-1699,questionable,1700-1799,questionable,,,17th century,18th century,,Ethiopia,Monastery of Gunda Gunde,Vellum (parchment),"ff. 1r, 52r, 68r, 105r: heading decorations (harägs); decorated quire numbers, e.g. ff. 8r, 16r, 23v, 25r, 32v, 33 [written: 23] r, etc. (on upper margins)","ff. 33-42 erroneously numbered as 23-32, and the subsequent foliation numbered 33-; moreover nr. “58” used twice for two folios, for 58 and what should be 59",,,Africa,Ethiopia,"wäräda (district) Irob, qäbäla ʽAraʽ",Tigray,,Monastery of Gunda Gunde,"14.1968735,38.5452170"," 1. University of Toronto Scarborough Library   2. Hill Museum and Monastic Library, Collegeville, Minnesota, USA","Monastery of Gunda Gunde, Ethiopia",24 x 17 x 9.5 cm,"Number of folios: III, 138, 2; European foliation; Number of quires: 23 (?); Number of columns in the text: 2; Number of lines in the column: 23 or 24","Wooden boards, with partly preserved leather envelop",manuscript,,,2006-10-30
007kim,y,http://digitalscholarship.utsc.utoronto.ca/projects/gg/islandora/object/gundagunde%3A67713,"Life of abunä Isayeyas, Gäbrä Krestos, Habtä Sellase (abbots of the GG monastery)",f. Ir: ገድለ  ኣቡነ  ኢላያስ  (Gädlä ᾽Abunä Ilayas (sic!)); “     “   ገ/ክርስቶስ፡    (   “          “       G[äbrä] Krəstos); “     “   ሃብተስላሴ፡    (   “          “       Habtä Səllase),gez,classical ethiopic,GG–007,"HMML_007; GE A21 - on a small paper strip glued on inside fron cover); 3 - f. Ir, above the titles. written with pencil; 338 - f. Ir, written with green ink in large letters; C3–IV–158 (number provided by the Ethiopian Tourist Office) - on a small paper strip glued on f. 1ra, lower margin",researcher,personal,Michael Gervers,"University of Toronto Scarborough, Department of Historical and Cultural Studies, Canada",data contributor,personal,Witold Witakowski,"Uppsala University, Department of Linguistics and Philology, Sweden",donor,personal,däjjazmach Säbagadis,,,,,,,,,,,,,,Text 1: ff. 1ra-48va: Life of abunä Isayəyas (1rb9-1va1: ንዜኑ፡ ንስቲተ፡ እምስነ፡ ኂሩቱ፡ ወሕቡአተ፡ ገድሉ፡ ለብፁዕ፡ ወቅዱስ፡ ትሩፈ፡ ምግባር፡ ተጋዳሊ፡ በእንተ፡ እግዚአብሔር፡ አቡነ፡ ኢሳይያስ።); Text 2: ff. 50ra-107rb: Life of abunä Gäbrä Krəstos (f. 50ra6-10: ንዜኑ፡ ስነ፡ ኂሩቱ፡ ወሕቡአተ፡ ገድሉ፡ ለብፁዕ፡ አቡነ፡ ክርስቶስ።); Text 3: ff. 109ra- 166rb: Life of abunä Habtä Śəllase (I) (109rb5fb-109va2: ንዌጥን፡ ዜና፡ ልደቱ፡ ወተኃጽኖቱ፡ ወነገረ፡ ዕበዩ፡ ወፃማ፡ ምግባሩ፡ ለአቡነ፡ ክቡር፡ ወቅዱስ፡ ሀብተ፡ ሥላሴ፡),Lives of monks,1709,1822,1856,2006-10-30,1709,questionable,1822-1831,,1856,,18th century,,,Ethiopia,Monastery of Gunda Gunde,Vellum (parchment),Miniature: f. IVv: Abunä Isayəyas,"Cp. GG-009; f. 1r, upper margin: “Isayəyas was the son of Abel; Gäbrä Krəstos was from the family of the seyums of Lakma; Habtä Śəllase was [from the people of] Irom [= Irob]”; f. 166rv,2-1 fb: “It was written in the year 7202” (of the era of the word, i.e. 1709 AD); a later note on f. 167v (in Amharic) mentions däjjazmach Säbagadis (1822-31), and abunä Gäbrä Masih (III, d. 1856), thus probably indicating the former owner and the donation of the ms to the monastery",,,Africa,Ethiopia,"wäräda (district) Irob, qäbäla ʽAraʽ",Tigray,,Monastery of Gunda Gunde,"14.1968735,38.5452171"," 1. University of Toronto Scarborough Library   2. Hill Museum and Monastic Library, Collegeville, Minnesota, USA","Monastery of Gunda Gunde, Ethiopia",18.5 x 15.2 x 7.5 cm,"Number of folios: 4 (I-IV) + 167 + 1 (V); Number of quires: 24; Number of columns of the text: 2; Number of lines in columns: 15, from f. 128 to the end 13-14",Two wooden boards,manuscript,,,2006-10-30
008kim,y,http://digitalscholarship.utsc.utoronto.ca/projects/gg/islandora/object/gundagunde%3A3765,Life of Abunä Habtä Sellase (abbot of GG),"On the front cover: ገድለ  ኣቡነ  ሃብተ  ስላሴ (Gädlä ᾽Ābunä Habtä Səllase); f. I (= 71)v, written with a pencil: አቡነሀብተሥላሤ፡ [᾽AbunäHäbtäŚəllaśe]",gez,classical ethiopic,GG–008,"HMML_008; GE A22 - on a small paper strip glued to the back side of the front cover; 140 - on the back side of the front cover, written in large numbers; C3–IV–153 (number provided by the Ethiopian Tourist Office) - on a small paper strip glued on f. 3ra, lower margin",researcher,personal,Michael Gervers,"University of Toronto Scarborough, Department of Historical and Cultural Studies, Canada",data contributor,personal,Witold Witakowski,"Uppsala University, Department of Linguistics and Philology, Sweden",,,,,,,,,,,,,,,,,"Text 1: ff. 3r-70vb; Life of Abuna Habta Səllase, (f. 3va, 4-10: … ንዌጥን፡ ዜና፡ ልደቱ፡ ወተሐፅኖቱ፡ ወነገረ፡ ዕበዩ፡ ወፃማ፡ ምግባሩ፡ ለአቡነ፡ ክቡር፡ ወቅዱስ፡ ሃብተ፡ ሥላሴ፡)",Lives of monks,1700,,,2006-10-30,1700-1799,questionable,,,,,18th century,,,Ethiopia,Monastery of Gunda Gunde,Vellum (parchment),,"ff. 1r-2v: two protective fols. (foreguard) written by another hand, with fragmentary texts 1. mentioning the number of years of various phases of Jesus’ life; 2. quotations from the Bible (Genesis); f. Ir (rearguard) empty",,,Africa,Ethiopia,"wäräda (district) Irob, qäbäla ʽAraʽ",Tigray,,Monastery of Gunda Gunde,"14.1968735,38.5452172"," 1. University of Toronto Scarborough Library   2. Hill Museum and Monastic Library, Collegeville, Minnesota, USA","Monastery of Gunda Gunde, Ethiopia",14.5 x 13 x 3.5 cm,"Number of folios: 70, 1 (I); European foliation; Number of quires: 9; Number of columns of the text: 2; Number of lines in columns: 13-14",Two wooden boards,manuscript,,,2006-10-30
009kim,y,http://digitalscholarship.utsc.utoronto.ca/projects/gg/islandora/object/gundagunde%3A3113,"Life of Abuna Isayeyas, Life of Abuna Yeshaq",On the front cover: ኣቡነ  ኤልያስን  ኣቡነ  ይስሃቅን  ዘንህቢ  (᾽Abunä ᾽Eləyasən  ᾽Abunä Yəshaqən zä-Nəhbi),gez,classical ethiopic,GG–009,"HMML_009; GE A13 - on a small paper strip glued to the back side of the front cover; f. Ir – 180, written in large numbers; C3–IV–146 (number provided by the Ethiopian Tourist Office) - on a small paper strip glued on f. 1ra, lower margin",researcher,personal,Michael Gervers,"University of Toronto Scarborough, Department of Historical and Cultural Studies, Canada",data contributor,personal,Witold Witakowski,"Uppsala University, Department of Linguistics and Philology, Sweden",,,,,,,,,,,,,,,,,"Text 1: ff. 3r-54rb; Life of abunä Isayəyas; (f. 1va, 2-11: … ንስቲተ፡ እምስነ፡ ኂሩቱ፡ ወኅቡአተ፡ ገድሉ፡ ለአብ፡ ብፁዕ፡ ወቅዱስ፡ ትሩፈ፡ ምግባር፡ ተጋዳሊ፡ በእንተ፡ እግዚአብሔር፡ አቡነ፡ ኢሳይያስ።); Text 2: ff. 55ra-90rb; Life of abunä Yəshaq, (f. 55ra, 4-11 …ገድለ፡ ጻማሁ፡ ለአብ፡ ብፁዕ፡ ወቅዱስ። አቡነ፡ ይስሐቅ፡ …)",Lives of monks,1800,,,2006-10-30,1800-1899,questionable,,,,,19th century,,,Ethiopia,Monastery of Gunda Gunde,Vellum (parchment),Unfinished unskilled drawing of an angel,ff. Ir-IIr: pen trials (ፈቲነ፡ ብርዕ፡); f. IIv: a note on the origin of the figures portrayed: ኢሳይያስ፡ ህዝበ፡ ስቡሐ። ወይስሐቅ፡ ህዝበ፡ አጋሜ፡ ዘይብልዋ፡ ንህብ፡።,,,Africa,Ethiopia,"wäräda (district) Irob, qäbäla ʽAraʽ",Tigray,,Monastery of Gunda Gunde,"14.1968735,38.5452173"," 1. University of Toronto Scarborough Library   2. Hill Museum and Monastic Library, Collegeville, Minnesota, USA","Monastery of Gunda Gunde, Ethiopia",15 x 12.5 x 5.8 cm,"Number of folios: 2 (I-II), 90; European foliation; Number of quires: 13; Number of columns of the text: 2 (not always equally broad); Number of lines in columns: 12-15",Two wooden boards;,manuscript,,,2006-10-30
010kim,y,http://digitalscholarship.utsc.utoronto.ca/projects/gg/islandora/object/gundagunde%3A10133,"Life of abunä Gäbrä Mäsih, Ezra, Habtä Sellase (abbots of the GG monastery)","f. Ir, in large green letters, and repeated with pencil on f. VIr:    ኣቡነ  ገ/መሲህ    [᾽Abunä G[äbrä] Mäsih]; “      እዝራ       [    “    ᾽Ǝzra]; “   ሃብተ ስላሴ፡  [    “    Habtä Səllase]",gez,classical ethiopic,GG–010,"HMML_010; A10 - on a small paper strip glued on inside fron cover; 40 - f. Ir, above the titles, written with pencil; 324 - f. Ir, written with green ink in large letters; C3–IV–162 (number provided by the Ethiopian Tourist Office) - on a small paper strip glued on f. 2ra, lower margin",researcher,personal,Michael Gervers,"University of Toronto Scarborough, Department of Historical and Cultural Studies, Canada",data contributor,personal,Witold Witakowski,"Uppsala University, Department of Linguistics and Philology, Sweden",,,,,,,,,,,,,,,,,Text 1: ff. 2ra-60ra: Life of abunä Gäbrä Mäsiḥ; Text 2: ff. 62ra-119rb: Life of abunä ʽƎzra; Text 3: ff. 121ra- 163rb: Life of abunä Habtä Śəllase (I),Lives of monks,1600,,,2006-10-30,1600-1699,approximate,,,,,17th century (early),,,Ethiopia,Monastery of Gunda Gunde,Vellum (parchment),"Drawing: f. IVr: Mary with the Child and two angels; Miniatures: f. 1v: Abunä Gäbrä Mäsih; f. 61v: Abunä ʽƎzra; f. 120v: Abunä Habtä Śəllase; Heading decorations (harägs): f. 2r, f. 62r, f. 121r","ff: Iv-IIv, IIIv, IVv-Vv (foreguard), 60v-61r, 119v-120r, 169v (last), VIIr-IXv (rearguard) – empty",,,Africa,Ethiopia,"wäräda (district) Irob, qäbäla ʽAraʽ",Tigray,,Monastery of Gunda Gunde,"14.1968735,38.5452174"," 1. University of Toronto Scarborough Library   2. Hill Museum and Monastic Library, Collegeville, Minnesota, USA","Monastery of Gunda Gunde, Ethiopia",14.9 x 11.8 x 8.8 cm,Number of folios: 6 (I-VI) + 163 + 3 (VII-IX); European foliation; Number of quires: 20; Number of columns of the text; 2; Number of lines in columns: 21 (the first life); 17 (later parts),"Two wooden boards; both broken, but sewn together",manuscript,,,2006-10-30
011kim,y,http://digitalscholarship.utsc.utoronto.ca/projects/gg/islandora/object/gundagunde%3A66530,Life of Mazgaba Sellase,f. 1r: ገድለ ኣቡነ መዝገበ ስላሴ - Gädlä ᾽Abunä Mäzgäbä Səllase,gez,classical ethiopic,GG–011,"HMML_011; A15; GC – on a small paper strip glued on the back side of the front cover; 194 – f. 1r; C3–IV–133 (number provided by the Ethiopian Tourist Office) - on a small paper strip glued on f. 15ra, lower margin",researcher,personal,Michael Gervers,"University of Toronto Scarborough, Department of Historical and Cultural Studies, Canada",data contributor,personal,Witold Witakowski,"Uppsala University, Department of Linguistics and Philology, Sweden",,,,,,,,,,,,,,,,,Text 1: ff. 15r-59r: Life of Mäzgäbä Śəllase; (abbot of the Gunda Gunde monastery 1663-1716); Text 2: ff. 60r-72ra: Another Life of Mäzgäbä Śəllase; Text 3: ff. 72rb1-10: Sälam for Mäzgäbä Śəllase; Text 4: ff. 77ra-81rb7: Sälam /Mälkə᾽ for Mäzgäbä Śəllase; Text 5: ff. 81rb8-81vb: Another Sälam for Mäzgäbä Śəllase; Text 6: ff. 82ra-81vb: Mälkə᾽ for ᾽Ǝsṭifanos (the founder of the Stephanite monastic order),Lives of monks,1700,,,2006-10-30,1700-1799,approximate,,,,,18th century,,,Ethiopia,Monastery of Gunda Gunde,Vellum (parchment),"Miniatures: Portraits of monastic figures: 1. f. 1 v: abunä Täklä Haymanot; abunä ᾽Ǝsṭifanos; 2. f. 2 v: abunä ᾽Abäkəräzun; abunä Gäbrä Mäsiḥ; 3. f. 3 v: abunä Yäwo[s]ṭatewos; abunä Bärsoma; 4. f. 4 v: abunä Bärtälomewos; abunä Habtä Śəllase; 5. f. 5 r: abunä Täklä Nabiyat; abunä Isayas; 6. f. 6 r: abunä Gäbrä K[r]əs[t]os; abunä Yəsḥaq; 7. f. 7 v: abunä Iyosab; abunä Gäbrä Mäsiḥ Dagəmay (the Second); 8. f. 8 v: abunä Samu᾽el; abunä Mäzgäbä Śəllase; 9. f. 11 r: abunä Habtä Śəllase Dagəmawi (the Second); abunä Mäzgäbä Śəllase and the Angel of Death; Narrative scenes: 10. f. 12 r: abba Tənśa᾽e Krəstos, the brother of abunä Mäzgäbä Śəllase; and abunä Mäzgäbä Śəllase and the fig tree that fell by his prayer; 11. f. 12 v: abba Habtä Maryam, the disciple of abunä Mäzgäbä Śəllase; and abunä Mäzgäbä Śəllase who divided a great river; 12. f. 13 r: abunä Mäzgäbä Śəllase; and female suppliant Wälättä Ṣəyon; 13. f. 13 v: abunä Mäzgäbä Śəllase receiving kidan from Jesus; 14. f. 14 v: abunä Mäzgäbä Śəllase bringing out children from a house on fire (painted twice)","f. 72rb11-72vb11; ff. 72vb12-73ra,end; ff. 73va-74ra: three notes in Amharic mentioning local lords (including Säbagadis, 1822-31); ff. 74v-76v empty",,,Africa,Ethiopia,"wäräda (district) Irob, qäbäla ʽAraʽ",Tigray,,Monastery of Gunda Gunde,"14.1968735,38.5452175"," 1. University of Toronto Scarborough Library   2. Hill Museum and Monastic Library, Collegeville, Minnesota, USA","Monastery of Gunda Gunde, Ethiopia",19.3 x 18 x 6 cm,Number of folios: 89 + 1; European foliation; Number of quires: 13; Number of columns of the text: 2; Number of lines in columns: 17-19,"Two wooden boards, covered with relatively well preserved leather envelops",manuscript,,,2006-10-30
012kim,y,http://digitalscholarship.utsc.utoronto.ca/projects/gg/islandora/object/gundagunde%3A2795,Life of Abuna Ewostatewos; Life of Abuna Yonas,On the front cover: ገድለ ኣቡነ ዮስጣቲዎስ    ገድለ ኣቡነ ዮናስ  (Gädlä ᾽Abunä Yosṭatiwos   Gädlä ᾽Abunä Yonas); f. IVv: አቡነ  ኤስጣቴዎስ   አቡነ  ዮናስ  (᾽Äbunä ᾽E[wo]sṭatewos  ᾽Äbunä Yonas),gez,classical ethiopic,GG–012,"HMML_012; 55 / ፶፭ - on a small paper strip glued to the back side of the front cover; 11 /፲፩ - f. Ir above; 304 - f. Ir below, written in green large numbers; C3–IV–160 (number provided by the Ethiopian Tourist Office) - on a small paper strip glued on f. 1ra, lower margin",researcher,personal,Michael Gervers,"University of Toronto Scarborough, Department of Historical and Cultural Studies, Canada",data contributor,personal,Witold Witakowski,"Uppsala University, Department of Linguistics and Philology, Sweden",,,,,,,,,,,,,,,,,"Text 1: ff. 1r-66vb; Life of Abunä ᾽E[wo]sṭatewos; Text 2: ff. 67r-92vb: Miracles of Abuna Ewostatewos; Mir. 1.: 67ra,1; 2. 68rb5; 3. 69ra9; 4. 69va11; 5. 70va9; 6. 72va5; 7. 74rb1; 8. 77va3; 9. 79rb, last; 10. 80ra,12; 11. 80va,2fb; 12. 81rb,1; 13. 83ra,5; 14. 85vb,2fb); Text 3: ff. 95ra-152rb,4fb: Life of Abunä Yonas; Text 4: ff. 152rb,3fb-153vb (not complete): Miracles of Abunä Yonas",Lives of monks,1700,,,2006-10-30,1700-1799,questionable,,,,,18th century,,,Ethiopia,Monastery of Gunda Gunde,Vellum (parchment),,"ff. Ir-IVr, 93r-94v – empty; ff. 150-153: internal margin and text damaged",,,Africa,Ethiopia,"wäräda (district) Irob, qäbäla ʽAraʽ, ",Tigray,,Monastery of Gunda Gunde,"14.1968735,38.5452176"," 1. University of Toronto Scarborough Library   2. Hill Museum and Monastic Library, Collegeville, Minnesota, USA","Monastery of Gunda Gunde, Ethiopia",20 x 19 x 7.5 cm,"Number of folios: 4 (I-II), 153; European foliation; Number of quires: 21; Number of columns of the text: 2; Number of lines in columns: 15-17; ff. 62v-64r: 20 lines",Two wooden boards; back cover damaged,manuscript,,"‘Gli Atti di Abbā Yonās’, [ed. by] Carlo Conti Rossini, Rendiconti della Reale Accademia dei Lincei: Classe di scienze morali, storiche e filologiche, 12:5:5-6 (1903), pp. 3-51; (Italian trsl. of fragments; CCR’s Eth. text up to GG12 f. 151rb,2fb; no miracles)",2006-10-30
013kim,y,http://digitalscholarship.utsc.utoronto.ca/projects/gg/islandora/object/gundagunde%3A2467,Lives of the Brothers of Gundä Gunde,"Eth. title: ገድለ፡ አሐው፡ ዘጉንዳጉንዴ፡ (Gädlä ᾽Äḥäw zä-Gundagunde) - “Lives of the Brothers of Gundä Gunde” - on the front “cover” (of reused European cardboard); ገድለ፡ ኣሓው፡ (Gädlä  ᾽Aḥaw) – “Lives of the Brothers” - on f. 1r, upper margin, written in large blue letters;; ገድለ፡ አሀው፡ (Gädlä  ᾽Ähäw;), i.e. the same (with orthographic variants) written on the lower margin with a pencil",gez,classical ethiopic,GG–013,"HMML_013; 64, and in Eth numbers: ፷፬ – on f. 1r, on the right margin, written with pencil; 314 - f. 1r, on the lower margin, right side, written in large blue/green numbers; C3–IV–150 (number provided by the Ethiopian Tourist Office) - on a small paper strip, glued on f. 1ra, lower margin",researcher,personal,Michael Gervers,"University of Toronto Scarborough, Department of Historical and Cultural Studies, Canada",data contributor,personal,Witold Witakowski,"Uppsala University, Department of Linguistics and Philology, Sweden",,,,,,,,,,,,,,,,,"Text 1: ff.1r-3va,end: an acephalous fragment of a text concerning the persecution of monks who would not calumniate ᾽Ǝsṭifanos (f. 1rb,13), also naming the death of abbot Gäbrä Krəstos (f. 1va,6-7) in prison; Text 2: ff. 4r-159ra: Lives of the Brothers (the followers of ᾽Ǝsṭifanos), no specific title (this text is different from the one published by Getatchew Haile, A History of the First Ǝsṭifanosite Monks, (CSCO 635-36, Scr Aeth 112-113), Lovanii 2011)",Lives of monks,1400,,,2006-10-30,1400-1499,questionable,,,,,15th century,,,Ethiopia,Monastery of Gunda Gunde,Vellum (parchment),"ff. 4r, 68r, 93v, 116r: heading decorations (harägs); f. 59ra a small black haräg","ff. 115v and 131r & v empty; ff. 113 va, 154va empty (i.e., the text is written only in the b-column); ff. 5-12 and 27-29 damaged (by mice?); In the text numerous reading attention marks (in red)",,,Africa,Ethiopia,"wäräda (district) Irob, qäbäla ʽAraʽ",Tigray,,Monastery of Gunda Gunde,"14.1968735,38.5452177"," 1. University of Toronto Scarborough Library   2. Hill Museum and Monastic Library, Collegeville, Minnesota, USA","Monastery of Gunda Gunde, Ethiopia",16 x 12.5 x 77 cm,"Number of folios: 159 (f. 159 only small part, the rest torn out); European foliation; Number of quires: 20 (?); Number of columns of the text: 2; Number of lines in columns: 17-29 quite irregular, many text additions (in places that had been erased), written with different hands with smaller letters making the number of the lines in such columns over 20","No boards, instead of a front cover a piece of protective paper (cardboard), in the back – remains of two torn folios",manuscript,,,2006-10-30
014kim,y,http://digitalscholarship.utsc.utoronto.ca/projects/gg/islandora/object/gundagunde%3A5453,Life of our Father Gäbrä Mäsih,On the front cover: ገድለ  ኣቡነ  ገብረ  መሲህ፡ [Gädlä ᾽Abunä Gäbrä Mäsih]; The ms is damaged and parts of the text that are lost may have contained the title,gez,classical ethiopic,GG–014,"HMML_014; 138; AK 15; 143 and in Eth numbers: ፻፵፫ - f. Ir: C3–IV–155 (number provided by the Ethiopian Tourist Office) - on a small paper strip glued on f. 1ra, lower margin",researcher,personal,Michael Gervers,"University of Toronto Scarborough, Department of Historical and Cultural Studies, Canada",data contributor,personal,Witold Witakowski,"Uppsala University, Department of Linguistics and Philology, Sweden",,,,,,,,,,,,,,,,,Text 1: ff. 1ra-68vb: Life of our Father Gäbrä Masiḥ [+ 1522],Lives of monks,1525,,,2006-10-31,1525-1575,questionable,,,,,16th century (mid),,,Ethiopia,Monastery of Gunda Gunde,Vellum (parchment),,"The ms is not well preserved; ff. 1r-20v, 65r-68v(last) are damaged (by rongers ?) mainly in upper right corners (of the recto folios ), and many fragments of the text are lost; ff. I-II (foreguard) and III-V (rearduard) empty",,,Africa,Ethiopia,"wäräda (district) Irob, qäbäla ʽAraʽ",Tigray,,Monastery of Gunda Gunde,"14.1968735,38.5452178"," 1. University of Toronto Scarborough Library   2. Hill Museum and Monastic Library, Collegeville, Minnesota, USA","Monastery of Gunda Gunde, Ethiopia",13.5 x 13.5 x 4.5 cm,Number of folios: 2 (I-II)+68+3 (III-V); European foliation; Number of quires: 11; Number of columns of the text: 2; Number of lines in columns: 16-18,"Two wooden boards, both broken, front board: ca 2/3 lost, back board: half lost",manuscript,,"Kaplan, Stephen, ‘Gäbrä Mäśiḥ (I)’, Encyclopaedia Aethiopica, 2, 2005, p. 623; Beylot, Robert, ‘Les Actes de Gabra Masiḥ I (ca. 1419-1522), troisième chef du mouvement stéphanite’, Rassegna di Studi Etiopici, 35 (1991), pp. 5-11",2006-10-31
015kim,y,http://digitalscholarship.utsc.utoronto.ca/projects/gg/islandora/object/gundagunde%3A5899,Life of Abba Garima,"Front cover: ገድለ፡ ኣባ፡ ገሪማ፡ – Gädlä  ᾽Abba Gärima; f. 2r3-5: ድርሳን፡ ዘደረሰ፡ ቅዱስ፡ ዮሐንስ፡ ኤጲስ፡ ቆጶስ፡ በእንተ፡ ዕበዩ፡ ወክብሩ፡ ለቅዱስ፡ ይስሐቅ። - “Homily that was composed by Yoḥannəs, the bishop, about the greatness and glory of holy Yəsḥaq [a.k.a. Abba Gärima];”The colophon, f. 64v1-2: ዝንቱ፡ መጽሐፍ፡ ገድሉ፡ ለቅዱስ፡ ወብፁእ፡ ኣባ፡ ገሪማ፡ – “This book is the Life of the holy and blessed Abba Gärima”",gez,classical ethiopic,GG–015,"HMML_015; B13 - on the back side of the front cover; 128 – f. 2r, lower margin, written with blue ink; C3–IV–169 (number provided by the Ethiopian Tourist Office) - on a small paper strip glued on f, 2r, lower margin",researcher,personal,Michael Gervers,"University of Toronto Scarborough, Department of Historical and Cultural Studies, Canada",data contributor,personal,Witold Witakowski,"Uppsala University, Department of Linguistics and Philology, Sweden",author of text 1,personal,Yoḥannəs (John),Bishop of Aksum,owner,personal,"᾽Iyobed, colophon: f. 64v4-5",,owner,personal,Astir,"wife of ᾽Iyobed, f. 64v4-5",,,,,"Text 1: ff. 2r-59r: Life of abba Gärima; Text 2: ff. 60r-64r8: Sälam for Yəsḥaq (Gärima); Text 3: f. 64r9-64r15: Sälam for Yəsḥaq of Romya (Gärima), unfinished",hagiography,1700,,,2006-10-31,1700-1799,questionable,,,,,18th century,,,Ethiopia,Monastery of Gunda Gunde,Vellum (parchment),f. 1r - drawing of Abba Gärima; damaged: ca. 2/3 preserved; f. 2r - heading decoration (haräg),"ff. 1v & 64v, additional notes written with a pencil by an unskilled hand",,,Africa,Ethiopia,"wäräda (district) Irob, qäbäla ʽAraʽ",Tigray,,Monastery of Gunda Gunde,"14.1968735,38.5452179"," 1. University of Toronto Scarborough Library   2. Hill Museum and Monastic Library, Collegeville, Minnesota, USA","Monastery of Gunda Gunde, Ethiopia",13.5 x 11.5 x 4.5 cm,Number of folios: 64; European foliation; Number of quires: 8 (or 9); Number of columns of the text: 1; Number of lines in columns; 13-15,"Two wooden boards, the back board smaller than the dimensions of the folios",manuscript,,"Edition of Text 1: ‘L’Omilia di Yohannes, vescovo d’Aksum in onore di Garimâ’, [ed. by] Carlo Conti Rossini, [in:] Actes du onzième Congrès international des orientalistes, Paris 1897, Quatrième section: hebreu-phénicien-araméen-éthiopien-assyrien, Paris 1898, pp. 139-177; (Eth text: 149-172; no transl., but a presentation of the contents pp. 147-149); Denis Nosnitsin, ‘Gärima’, Enc Aeth, 2, Wiesbaden 2005, pp. 704-706",2006-10-30
016kim,y,http://digitalscholarship.utsc.utoronto.ca/projects/gg/islandora/object/gundagunde%3A12438,Life of Abraham (the Old Testament patriarch),On the front cover: ገድለ፡ ኣብርሃም፡ (Gädlä  ᾽Abrəham),gez,classical ethiopic,GG–016,"HMML_016; A36 GE - on a small paper strip glued to the inside of the front cover; 186 - f. 1r: written in large blue/green numbers; C3–IV–154 (number provided by the Ethiopian Tourist Office) - on a small paper strip glued on f. 1ra, lower margin",researcher,personal,Michael Gervers,"University of Toronto Scarborough, Department of Historical and Cultural Studies, Canada",data contributor,personal,Witold Witakowski,"Uppsala University, Department of Linguistics and Philology, Sweden",owner,personal,"Zä-Wäldä Maryam (ff. 5r,8-9; 47v,6-7)",,translator,personal,"of the texts 2-4, from Arabic, according to note f. 74v,5-end: Abba Sälama (the 2nd, Metropolitan of Eth. 1348-88), called erroneously here Käsate Bərhan, which is the sobriquet of Abba Sälama I (4th cent. AD)",,,,,,,,,,"Text 1: ff. 5r-20v: ድርሳን፡ ዘይቤ፡ ቅዱስ፡ ማሪ፡ ኤፍሬም፡ ሶርያዊ። በእንተ፡ አብርሃም፡ አበ፡ አበው፡ ዓርከ፡ እግዚአብሔር፡ ወበእንተ፡ ሳራ፡ ብእሲቱ። - Homily of Mari Efrem the Syrian on Abraham, the patriarch, the friend of God, and on Sara in Egypt; Text 2: ff. 21r-47v: Death and departure of Patriarchs Abraham, Isaac and Jacob; (f. 21r,2-4: ዝውእቱ፡ ፍልሰቶሙ፡ ወፀአቶሙ፡ ለአበው፡ አብርሃም፡ ይስሓቅ፡ ወያዕቆብ።); Text 3: ff. 48r-58r: Death of Patriarch Isaac and departure (of his soul) from his body; (f. 48r,2-4: ዝንቱ፡ ዕረፍቱ፡ ለአብ፡ ይስሓቅ፡ ወፍልሰቱ፡ እምሥጋሁ፡ …); Text 4: ff. 58v-74v: Death of our Father Jacob who was called Israel, and departure (of his soul) from his body; (f. 58v,2-4: ዕረፍቱ፡ ለአቡነ፡ ያዕቆብ፡ ዘተሰምየ፡ እስራኤል። ወፍልሰቱ፡ እምሥጋሁ፡ …); Text 5: ff. 74v-80v: Poem (sälam) in honour of the names of Patriarchs Abraham, Isaac and Jacob; (f.74v,1: ሰላም፡ ለዝክረ፡ ስምክሙ፡...); Text 6: ff. 81v,1-90v,8: Poem (sälam) in honour of the Christian Church (beginning damaged); Text 7: ff. 91r,1-97r,6: Teaching of the holy faith by Cyril as written in the book called Ärmas; (f. 91r,2-4: ትምህርተ፡ ሃይማኖት፡ ቅድስት፡ ዘነበበ፡ ቅዱስ፡ ቄርሎስ፡ በውስተ፡ መጽሐፈ፡ ዘስሙ፡ አርማስ። …)",,1800,,,2006-10-31,1800-1899,questionable,,,,,19th century,,,Ethiopia,Monastery of Gunda Gunde,Vellum (parchment),,"f. 1r: a text has been erased; ff. 1v, 2v: pen trials; ff. 2r, 3r-4v, 81r, 97v, I [= 98]r&v empty",,,Africa,Ethiopia,"wäräda (district) Irob, qäbäla ʽAraʽ",Tigray,,Monastery of Gunda Gunde,"14.1968735,38.5452180"," 1. University of Toronto Scarborough Library   2. Hill Museum and Monastic Library, Collegeville, Minnesota, USA","Monastery of Gunda Gunde, Ethiopia",11 x 10 x 5.7 cm,Number of folios: 97 + 1 (I); European foliation; Number of quires: 13; Number of columns of the text: 1; Number of lines in columns: 13-17,Two wooden boards,manuscript,,"Text 1: Caquot, André, ‘Une homélie éthiopienne attribuée à saint Mari Éphrem sur le séjour d’Abraham et Sara en Égypte’, [in:] Mélanges Antoine Guillaumont: contributions à l’étude des christianismes orientaux, (Cahiers d’orientalisme 20), Genève 1988, pp. 173-185; (Edition & French transl.; the edition includes readings from this ms.)",2006-10-30
017kim,y,http://digitalscholarship.utsc.utoronto.ca/projects/gg/islandora/object/gundagunde%3A4434,The Story of the Death of Estifanos (and of the early Estephanosite monks),On the front parchment cover: ዜና ሞቱ ለእስጢፋኖስ (Zena motu lä-᾽Ǝsṭifanos),gez,classical ethiopic,GG–017,"HMML_017; 338 – at the first fol. recto, unnumbered, i.e., serving as “cover”; written in large blue/green numbers; A89 GE - on a small paper strip glued to f. I (i.e., the second fol.); C3–IV–152, (number provided by the Ethiopian Tourist Office) - on a small paper strip glued on f. 1ra (i.e., the third), lower margin",researcher,personal,Michael Gervers,"University of Toronto Scarborough, Department of Historical and Cultural Studies, Canada",data contributor,personal,Witold Witakowski,"Uppsala University, Department of Linguistics and Philology, Sweden",,,,,,,,,,,,,,,,,Text 1: ff. 1r-167r: (The Story of the Death of ᾽Ǝsṭifanos) no title in the text,Lives of monks,1500,,,2006-10-31,1500-1599,questionable,,,,,16th century,,,Ethiopia,Monastery of Gunda Gunde,Vellum (parchment),f. 1r: heading decoration (haräg),"ff. 1* (not numbered)v – f. Iv, 167v - II(= 168)v: empty; ff. 23r-33v: damaged (by rongers?); ff. 1r-v, 26r-33v: text damaged; most of the ff. stained but legible",,,Africa,Ethiopia,"wäräda (district) Irob, qäbäla ʽAraʽ",Tigray,,Monastery of Gunda Gunde,"14.1968735,38.5452181"," 1. University of Toronto Scarborough Library   2. Hill Museum and Monastic Library, Collegeville, Minnesota, USA","Monastery of Gunda Gunde, Ethiopia",11.5 x 10 x 6 cm,"Number of folios: [1] (not numbered, serves as a cover) + 1 [I] + 167 + 1 (II); European foliation; Number of quires: 21 (?); Number of columns of the text: 1; Number of lines in columns: 15-16","Wooden back board, the front board lost",manuscript,,"A History of the First Ǝsṭifanosite Monks, ed. [& trtansl.] by Getatachew Haile, (CSCO vol. 635-36, Scriptores Aethiopici, 112-13), Lovanii: Peeters, 2011",2006-10-31
018kim,y,http://digitalscholarship.utsc.utoronto.ca/projects/gg/islandora/object/gundagunde%3A3917,[1] Life of Abunä Isaac; [2] Life of Abunä Iyosab; [3] Life of Abunä Gäbrä Mäsih the Second; [4] Life of Abunä Samuel,f. Ir: [1] ገድለ  ኣቡነ  ይስሃቅ   (Gädlä  ᾽abunä Yəsḥaq); [2] ገድለ፡   ”   ኢዮሳብ   (Gädlä   - “ - ᾽Iyosab;); [3]   ”   ገ/መሲህ  ዳግማዊ  ( “   Gä[brä]/Mäsih Dagmawi); [4]   ”   ኣቡነ  ሳሙኤል    (  “ ᾽Abunä Samu᾽el),gez,classical ethiopic,GG–018,"HMML_018; 288 - f. Ir, written in large blue/green numbers; AK 14 - f. IVv, at the end",researcher,personal,Michael Gervers,"University of Toronto Scarborough, Department of Historical and Cultural Studies, Canada",data contributor,personal,Witold Witakowski,"Uppsala University, Department of Linguistics and Philology, Sweden",scribe,personal,"ff. 16va7, 40va,last: request for blessing for Zä-Maryam, prob. the scribe",,scribe,personal,"ff. 106vb,last & 136vb,last: request for blessing for Wäldä Krəstos, another scribe",,owner,personal,f. Iv: “This book belongs to Abunä Gäbrä Mäsiḥ Gund [sic] Gunde Däbrägärzan” (ዝመጽሐፍ ዘአቡነ ገብረ መሲሕ … ጉንድ [sic] ጉንዴ ደብረገርዛን፡),Gundä Gunde,,,,,"Text 1: ff. 2v-16v: Life of Abunä Yəsḥaq; beginning lost; Text 2: ff. 17r-f.40va: Life of Abunä Iyosab of Däbrä Gärizan; (f. 17r,12-15: (ናሁ፡ ንዜኑ፡ ንስቲተ፡ እምዜና፡ ገድሉ፡ ለብፁዕ፡ ወለቅዱስ፡ አቡነ፡ ኢዮሳብ፡ መምህረ፡ ሕግ፡ ዘደብረ፡ ገሪዛን፡); Text 3: ff. 41r-106v: Life of Abunä Gäbrä Mäsiḥ the Second (Abbot of GG); (f. 41ra,3fb-rb,5fb:  (ንዜኑ፡ ንስቲተ፡ እምዜናሁ፡ እስመ፡ ሠናየ፡ ገድል፡ ውእቱ፡ ለብፁዕ፡ ወለቅዱስ፡ አቡነ፡ ገብረ፡ መሲሕ፡ ዳግማዊ፡ መምህረ፡ ሕግ፡ መንፈሳዊ፡ … ዘቆመ፡ ዲበ፡ መንበረ፡ አብ፡ ክቡር፡ እስጢፋኖስ፡ በደብረ፡ ገሪዛን፡); Text 4: ff. 107r-136v: Life of Abunä Sam᾽uel (Abbot of GG); (f. 107rb,1-va,1: ንጽሕፍ፡ ኅዳጠ፡ እምስነ፡ ኂሩቱ፡ ወዜና፡ ገድሉ፡ ለ… ሊቀ፡ ጽሙዳን፡ መምህረ፡ ሕግ፡ … ዘቆመ፡ ዲበ፡ መንበረ፡ አብ፡ እስጢፋኖስ፡ … አቡነ፡ ሳሙኤል፡ ሐዋርያ፡ ፍቅር፡ ወሰላም፡ ወላእክ፡ ዘደብረ፡ ገሪዛን፡)",Lives of monks,1600,,,2006-10-31,1600-1699,questionable,,,,,17th century,,,Ethiopia,Monastery of Gunda Gunde,Vellum (parchment),"Miniature of Abunä Yəsḥaq:  f. 1v; Ornamented quire numbers; (e.g.: ff. 116v-117r, 126-127)","f. 1r: unfinished note on the ethnic origin of the abbots whose lives are extant in the ms.; ff. IIr-IIIv (foreguard), IVr, Vr (rearguard) - empty; ff. IVv, Vv: scrawling notes; ff. 131r-end: text damaged; Reading attention marks in red; Several hands, or the mss is composite",,,Africa,Ethiopia,"wäräda (district) Irob, qäbäla ʽAraʽ",Tigray,,Monastery of Gunda Gunde,"14.1968735,38.5452182"," 1. University of Toronto Scarborough Library   2. Hill Museum and Monastic Library, Collegeville, Minnesota, USA","Monastery of Gunda Gunde, Ethiopia",15 x 13.5 x 7 cm,Number of folios: 3 (I-III) + 136 + 2 (IV-V); European foliation; Number of quires: 18; Number of columns of the text: 2; Number of lines in columns: 14-17 (ff. 105-106: 19-20),Two wooden boards; rests of the leather cover at the inner side of the front board,manuscript,,,2006-10-31
019kim,y,http://digitalscholarship.utsc.utoronto.ca/projects/gg/islandora/object/gundagunde%3A4209,Life of Abunä Gäbrä Mänfäs Qeddus,"f. Ir, in large green letters: ገድለ  ኣቡነ  ገ/መንፈስ  ቅዱስ (Gädlä ᾽Abunä G[äbrä]/Mänfäs Qəddus)",gez,classical ethiopic,GG–019,"HMML_019; A79 GE - on a small paper strip glued inside of the front cover; 141, also in Ethiopian numbers: ፻፵፩ - f. 1r, above the titles; written with a pencil; 204 - f. Ir, written with green ink in large letters; C3–IV–134 (number provided by the Ethiopian Tourist Office) - on a small paper strip glued on f. 4ra, lower margin",researcher,personal,Michael Gervers,"University of Toronto Scarborough, Department of Historical and Cultural Studies, Canada",data contributor,personal,Witold Witakowski,"Uppsala University, Department of Linguistics and Philology, Sweden",,,,,,,,,,,,,,,,,"Text 1: ff. 4ra-93rb3: Life of abunä Gäbrä Mänfäs Qəddus (f. 4va4-7: ገድለ፡ ቅዱስ፡ ወብፁዕ፡ አቡነ፡ ገብረ፡ መንፈስ፡ ቅዱስ፡); Text 2: ff. 93rb4-105rb6: Miracles of abunä Gäbrä Mänfäs Qəddus (f. 93rb6-9: ዜና፡ ተአምሪሁ፡ ለአቡነ፡ ብፁዓዊ፡ ወጻድቅ፡ ገብረ፡ መንፈስ፡ ቅዱስ፡ እምድኅረ፡ ዕርገተ፡ ነፍሱ፡ ውስተ፡ አርያማዊት፡ መቅደስ፡); The miracles: Mir. 1. f. 83va,1-; 2. 85ra2fb-; 3. 86rb4fb-; 4. 87rb4-; 5. 88vb2-; 6. 91ra5fb-; 7. 91va9-; 8. 93ra7-; 9. 95va2fb-; 10. 98rb12-; 11. 99vb6fb-105ra,4",hagiography,1700,,,2006-10-31,1700-1799,questionable,,,,,18th century,,,Ethiopia,Monastery of Gunda Gunde,Vellum (parchment),Rude miniature: f. 3v: Abunä Mänfäs Qəddus (inscription on the left hand side hardly visible),"f. 105rb-105v: a note (by another, non skilled hand) on Gäbrä Mänfäs Qəddus",,,Africa,Ethiopia,"wäräda (district) Irob, qäbäla ʽAraʽ",Tigray,,Monastery of Gunda Gunde,"14.1968735,38.5452183"," 1. University of Toronto Scarborough Library   2. Hill Museum and Monastic Library, Collegeville, Minnesota, USA","Monastery of Gunda Gunde, Ethiopia",18.5 x 16 x 6 cm,Number of folios: 104 + 2 (I-II); Number of quires: 15; Number of columns of the text: 2; Number of lines in columns: 16-19,Two wooden boards,manuscript,,,2006-10-31
020kim,y,http://digitalscholarship.utsc.utoronto.ca/projects/gg/islandora/object/gundagunde%3A6822,[1] Life of our father Zä-Mika᾽el ᾽Arägawi; [2] Life of saint Gäbrä Krestos,On the front leather cover: [1] ገድለ  ኣቡነ  ኣረጋዊን [sic!]; (Gädlä  ᾽Abunä ᾽Arägawin[sic!]); [2] ገድለ  ኣቡነ  ገ/ክርስቶስ; (Gädlä ᾽Abunä Gä/Krəstos),gez,classical ethiopic,GG–020,"HMML_020; 46, and in Eth numbers: ፵፮ - f. Ir, written with pencil; 139 - f. Ir, at the bottom of the page, in large numbers; C3–IV–159 (number provided by the Ethiopian Tourist Office) - on a small paper strip glued on f. 1ra, lower margin",researcher,personal,Michael Gervers,"University of Toronto Scarborough, Department of Historical and Cultural Studies, Canada",data contributor,personal,Witold Witakowski,"Uppsala University, Department of Linguistics and Philology, Sweden",commissioner,personal,"Abunä Mäzgäbä Śəllaśe I, abbot: 1664-1716; (f. 150rb1-2: … ለዝንቱ፡ ገድል፡ ዘአጽሐፎ፡ አቡነ፡ መዝገበ፡ ሥላሤ፡)",Gundä Gunde Monastery,,,,,,,,,,,,,"Text 1: ff. 1ra-38ra3: Gädlä ᾽Abunä [Zä-Mika᾽el] ᾽Arägawi; (f. 1ra, upper margin: ገድለ፡ አቡነ፡ አረጋዊ፡; f. 1va,2 fb-1vb,8: ንጽሕፍ፡… ዜና፡ ኂሩቱ፡ ለብፁዕ፡ … አቡነ፡ ዘሚካኤል፡ ዘውእቱ፡ አረጋዊ፡  - “Story of…  ᾽Abunä Zä-Mika᾽el, who is (also known as) ᾽Arägawi”); Text 2: ff. 38ra,4-38vb,12: Genealogy of the monks, starting with Antony; (f. 38ra4-5: ዝውእቱ፡ ጥንተ፡ ልደቶሙ፡ ለመነኮሳት። እንጦንዮስ፡ … ); Text 3: ff. 42ra-67vb: Gädlä Gäbrä Krəstos; (f. 42ra, upper margin: ገድለ፡ ገብረ፡ ክርስቶስ፡); Gäbrä Krəstos is in other Christian traditions known as St. Alexis",,1700,,,2006-10-31,1700-1799,questionable,,,,,18th century,,,Ethiopia,Monastery of Gunda Gunde,Vellum (parchment),f. IIr: an unskilled unfinished drawing; f. IIv: an unfinished drawing of a mounted saint (St. George?),"f. 68: a protection folio from another ms (containing a fragment of the Biblical Book of Kings), bound upside down; ff. Iv, IIIr-IVv, 39r-41v: empty (except for scrawling)",,,Africa,Ethiopia,"wäräda (district) Irob, qäbäla ʽAraʽ",Tigray,,Monastery of Gunda Gunde,"14.1968735,38.5452184"," 1. University of Toronto Scarborough Library   2. Hill Museum and Monastic Library, Collegeville, Minnesota, USA","Monastery of Gunda Gunde, Ethiopia",20 x 20 x 3.5 cm,"Number of folios: 4 (I-IV), 68; European foliation; Number of quires: 11; Number of columns of the text: 2; Number of lines in columns: 16-18",Two leather covers,manuscript,,,2006-10-31